Date,Actual,Predicted
2012-04-13,1365098.46,1419924.2325000016
2012-04-13,939118.24,1119726.4387999992
2012-04-13,1621031.7,1794837.8554999987
2012-04-13,857811.17,1045038.3008000003
2012-04-13,2057637.86,2139765.765699998
2012-04-13,788633.42,830010.5816999995
2012-04-13,998443.5,1138962.6707999995
2012-04-13,665687.92,663008.3676000009
2012-04-13,1935869.1,2005221.4723999987
2012-04-13,769319.04,751721.5197999993
2012-04-13,351832.03,367601.48209999985
2012-04-13,311390.22,345965.6462000001
2012-04-13,1285783.87,1420291.4183000007
2012-04-13,1580732.73,1639899.257999999
2012-04-13,520493.83,573178.0163999997
2012-04-13,1974687.51,2013336.9221999974
2012-04-13,339407.94,330211.8570999999
2012-04-13,1290684.95,1330903.1699999995
2012-04-13,312698.67,357295.0623999999
2012-04-13,987353.65,1042846.0423000008
2012-04-13,781970.6,813443.9286000003
2012-04-13,450756.71,871986.7048999993
2012-04-13,1616394.45,1731007.861599999
2012-04-13,1472752.01,1299661.5203000011
2012-04-13,1083811.19,1075128.1397999995
2012-04-13,1231752.54,1471109.1068999998
2012-04-13,877055.32,936533.0693000002
2012-04-20,434822.13,413882.31120000005
2012-04-20,323233.8,342042.8644000001
2012-04-20,1208654.4,1386114.2385000002
2012-04-20,1433391.04,1644603.746599999
2012-04-20,1180797.2,1316977.3841
2012-04-20,525200.59,560835.1116999998
2012-04-20,1884427.84,2040263.052100001
2012-04-20,1777166.53,2014095.5800999966
2012-04-20,1119979.98,946916.0509
2012-04-20,1639999.47,1697551.4454999994
2012-04-20,457340.06,966545.9692000003
2012-04-20,261837.2,330738.95040000003
2012-04-20,776661.74,807951.8118000004
2012-04-20,1287899.41,1367732.4981999996
2012-04-20,330063.06,364106.85319999984
2012-04-20,462909.41,440105.50909999997
2012-04-20,872288.46,916105.7781000003
2012-04-20,923600.02,923684.2202000011
2012-04-20,1000342.87,1102565.4220999987
2012-04-20,1456073.24,1679372.41
2012-04-20,1006486.96,1060617.1286999995
2012-04-20,1521577.87,1655354.7895999986
2012-04-20,896979.93,1049518.5265
2012-04-20,977628.78,1046366.7863000007
2012-04-20,794660.24,811522.2395
2012-04-20,401615.8,451187.6210999997
2012-04-20,2144336.89,2163296.9805999966
2012-04-20,1220815.33,1299318.1409000002
2012-04-20,523483.19,526781.4789000002
2012-04-20,1315356.99,1260989.9775000007
2012-04-20,1407036.59,1432628.9942999985
2012-04-20,534780.57,589402.3919000002
2012-04-20,552529.23,577091.9527000001
2012-04-20,638144.98,649898.2992000001
2012-04-20,1955689.12,2127144.5321999984
2012-04-20,734858.91,740606.1776999992
2012-04-20,1847344.45,1862988.3457999998
2012-04-20,436221.26,1036463.4141999995
2012-04-20,1875686.44,1951201.165099999
2012-04-20,323915.32,327423.78210000007
2012-04-20,542819.03,595201.7415999998
2012-04-20,1121405.91,1201902.9424999997
2012-04-20,661566.48,691737.8101999998
2012-04-20,1025813.8,1066233.0614999998
2012-04-20,1255087.26,1311302.7113
2012-04-27,394616.11,415347.83229999995
2012-04-27,655157.32,722838.4580000002
2012-04-27,526625.49,554442.2066000002
2012-04-27,961186.23,1064812.4449
2012-04-27,721212.45,821166.1630999995
2012-04-27,324839.74,359360.7700999999
2012-04-27,1456221.1,1638233.9947
2012-04-27,1311352.25,1338617.108699999
2012-04-27,1764133.09,1819138.1201000004
2012-04-27,879448.25,899705.7364000006
2012-04-27,2064065.66,2123941.175399999
2012-04-27,528807.45,522629.8368999998
2012-04-27,308389.82,306721.1785999999
2012-04-27,674829.58,742070.0465999995
2012-04-27,419964.77,442319.59079999983
2012-04-27,1248950.65,1320196.1314999997
2012-04-27,922539.94,1107296.5328999995
2012-04-27,875372.91,1027526.1312000001
2012-04-27,550414.99,590447.8061999998
2012-04-27,1468928.37,1597286.5756999988
2012-04-27,1126962.44,1184516.0261999997
2012-04-27,433744.83,436577.3531
2012-04-27,911969.0,901950.2502000008
2012-04-27,1970121.65,2083692.754399998
2012-04-27,940299.87,976225.9345999998
2012-04-27,467827.75,839742.9206999998
2012-04-27,1285897.24,1250477.9507000006
2012-04-27,1170456.16,1318099.4684000004
2012-04-27,1565498.84,1713734.5611999994
2012-04-27,249798.75,327320.59600000014
2012-04-27,925916.65,927387.0831000005
2012-04-27,1784029.95,1947237.9321999988
2012-04-27,1712987.56,2029891.850099997
2012-04-27,593138.59,619050.7042999998
2012-04-27,1886503.93,2049175.447600001
2012-04-27,1456997.2,1642850.7475999997
2012-04-27,398445.15,892508.2370999992
2012-04-27,497250.22,569805.4833999998
2012-04-27,711571.88,812508.4251000005
2012-04-27,1277758.76,1280924.5536000002
2012-04-27,330338.36,340291.32309999986
2012-04-27,1236238.29,1187362.8760000006
2012-04-27,1194334.65,1378337.3863
2012-04-27,527402.62,580797.8788000003
2012-04-27,1004252.38,1053352.1088999994
2012-05-04,937232.09,979674.2424000006
2012-05-04,991104.4,1028966.0376000009
2012-05-04,696421.72,710328.6954999993
2012-05-04,1405007.44,1255483.0119000005
2012-05-04,1450628.85,1604358.3256
2012-05-04,1187384.53,1205119.2476000001
2012-05-04,1050027.89,1083575.5572999998
2012-05-04,312467.52,319159.4608999997
2012-05-04,930121.14,935890.5254
2012-05-04,1370251.22,1311113.637300001
2012-05-04,1317379.68,1289278.9882999999
2012-05-04,1684519.99,1798634.701399998
2012-05-04,1073433.69,1083316.256999999
2012-05-04,454477.54,434253.6549000002
2012-05-04,586289.08,619797.1628000003
2012-05-04,1543461.12,1713462.0274999994
2012-05-04,637964.2,665329.1644000008
2012-05-04,946573.29,1040830.7776
2012-05-04,782300.68,859789.1946000013
2012-05-04,1005083.31,1131801.2962999993
2012-05-04,577868.38,599508.8496000004
2012-05-04,426959.62,861681.1235999994
2012-05-04,609274.89,631791.1696000001
2012-05-04,439913.57,447410.1146000002
2012-05-04,504963.84,601502.7562999993
2012-05-04,1923957.09,2029981.5511999978
2012-05-04,993311.59,1131894.1077
2012-05-04,1995994.51,2259724.955699998
2012-05-04,1512227.34,1651749.450999999
2012-05-04,1821364.42,2160536.173199997
2012-05-04,772036.6,826016.0522
2012-05-04,1391257.28,1445080.6257999996
2012-05-04,535311.64,520450.4267000002
2012-05-04,2163510.89,2311455.795399999
2012-05-04,1949354.29,2048817.8298999988
2012-05-04,1359770.73,1372287.7190000007
2012-05-04,697645.32,753136.4518999993
2012-05-04,1669388.45,1752393.7413000006
2012-05-04,360932.69,377799.6963
2012-05-04,2196968.33,2308052.098399998
2012-05-04,326053.28,347782.3987000002
2012-05-04,491755.69,487747.2598999997
2012-05-04,465198.89,773094.7514999993
2012-05-04,270497.51,354153.8639000002
2012-05-04,1306551.71,1431501.4068000007
2012-05-11,1300147.07,1291950.2111000014
2012-05-11,479855.0,820250.8653999991
2012-05-11,1674306.31,1722912.7133
2012-05-11,1321914.34,1274246.0973999994
2012-05-11,341381.08,345920.5942
2012-05-11,529707.87,578175.9274999993
2012-05-11,649945.54,753949.8980999998
2012-05-11,643603.69,651492.6042000002
2012-05-11,579539.95,587713.1587000004
2012-05-11,2080764.17,2183130.3075999985
2012-05-11,1792345.3,2083491.4201999966
2012-05-11,770487.37,818742.8055000007
2012-05-11,2168097.11,2240198.4654999995
2012-05-11,1987531.05,1943167.6189000001
2012-05-11,944100.3,923659.4205000005
2012-05-11,949625.52,1026753.4661000009
2012-05-11,1264575.18,1503244.1846000007
2012-05-11,1442873.22,1235730.5346000004
2012-05-11,460397.41,788455.5364999996
2012-05-11,1355391.79,1408897.6408000006
2012-05-11,640159.04,667016.002500001
2012-05-11,739866.16,704807.1475999994
2012-05-11,295841.84,356553.0557999999
2012-05-11,1187051.07,1211907.4023000004
2012-05-11,429914.6,495906.1834999997
2012-05-11,1611096.05,1810595.0947999978
2012-05-11,2127661.17,2244802.8301999974
2012-05-11,431985.36,438300.9089
2012-05-11,592572.3,597436.8082000001
2012-05-11,1353285.1,1364135.698700001
2012-05-11,527983.04,511267.8316000003
2012-05-11,1917520.99,2026063.491699998
2012-05-11,1062548.73,1090116.4181000001
2012-05-11,997868.63,1117606.7748999994
2012-05-11,1470792.41,1645357.1481999985
2012-05-11,330518.34,330687.0963
2012-05-11,967729.35,1104675.9201999996
2012-05-11,802383.63,829787.1288999999
2012-05-11,920128.89,957562.5297000009
2012-05-11,333870.52,364279.7559999999
2012-05-11,1060433.1,1052160.1348999997
2012-05-11,1041995.22,1074559.5454999993
2012-05-11,1517075.67,1692247.2568
2012-05-11,1392938.06,1439236.3372999993
2012-05-11,436070.45,435150.70330000034
2012-05-18,460945.14,431682.2773000002
2012-05-18,1522978.54,1648123.9841999987
2012-05-18,412314.71,452339.59329999983
2012-05-18,1213310.45,1346502.9281999993
2012-05-18,493506.47,537748.6819999997
2012-05-18,468428.3,569053.0108999994
2012-05-18,2207214.81,2177437.3344999976
2012-05-18,1047444.59,1018640.3462999996
2012-05-18,968816.33,922740.1014000005
2012-05-18,1331514.44,1326292.0852000003
2012-05-18,543706.04,553632.1885999996
2012-05-18,1513635.64,1679014.5673000002
2012-05-18,336189.66,364211.00269999984
2012-05-18,1707158.82,1705856.6424999994
2012-05-18,896295.41,1083065.7344000002
2012-05-18,998672.85,1040151.5765000014
2012-05-18,1352442.31,1280877.6152000008
2012-05-18,986612.02,1069080.6598999987
2012-05-18,534847.96,522263.59420000017
2012-05-18,590636.38,602840.5807999999
2012-05-18,978082.84,970158.301200001
2012-05-18,700554.16,752445.7835999997
2012-05-18,2039222.26,2094856.0842000002
2012-05-18,276899.95,337514.36370000005
2012-05-18,2000940.67,1988203.7620999985
2012-05-18,913922.01,943395.8874000004
2012-05-18,600050.98,583239.0438000003
2012-05-18,819196.68,810881.6325
2012-05-18,1177539.71,1209701.1811000004
2012-05-18,1020486.05,1061763.6856999996
2012-05-18,1595901.87,1778742.1301999986
2012-05-18,324801.13,328296.46170000004
2012-05-18,1441473.82,1453201.560799999
2012-05-18,1366937.1,1201858.7827000003
2012-05-18,717207.19,692998.4587999997
2012-05-18,648541.81,666413.2186000004
2012-05-18,418112.76,416871.58900000004
2012-05-18,571463.93,592445.8085999999
2012-05-18,1932233.17,1892006.6264000002
2012-05-18,334042.43,344181.7426000001
2012-05-18,2131900.55,2119269.6598999975
2012-05-18,1298809.8,1374939.5336000002
2012-05-18,800842.28,806974.0446000004
2012-05-18,1332952.47,1238494.1965999992
2012-05-18,1795152.73,1996890.2688999975
2012-05-25,540625.79,514793.0632000001
2012-05-25,1830939.1,2011258.4666999972
2012-05-25,2043349.41,2086367.5964999984
2012-05-25,1424500.47,1293454.3224
2012-05-25,1407897.57,1355343.1278000006
2012-05-25,1485540.28,1224330.5723000006
2012-05-25,2114989.0,2019063.888500001
2012-05-25,549665.67,556710.7068999999
2012-05-25,722891.24,740782.7022999995
2012-05-25,343268.29,330743.9748999999
2012-05-25,1912791.09,1802484.7494000003
2012-05-25,1232784.22,1201478.5267
2012-05-25,306098.17,318718.98260000005
2012-05-25,1088446.58,1021200.6375000002
2012-05-25,532739.77,582693.0410999996
2012-05-25,1818906.73,1709251.5944999997
2012-05-25,518045.09,508958.39199999976
2012-05-25,597406.39,623517.2237
2012-05-25,2030869.61,1840624.1992999997
2012-05-25,547226.0,591910.0323999998
2012-05-25,1397094.26,1383095.6443999987
2012-05-25,1596036.66,1634423.0412999988
2012-05-25,2154137.67,2162447.0626999983
2012-05-25,895157.44,904326.0059000003
2012-05-25,1047297.38,1064072.4679999994
2012-05-25,783371.02,707695.6782999998
2012-05-25,817741.17,801061.8952000003
2012-05-25,535764.58,561863.7408
2012-05-25,1555444.55,1590410.425999999
2012-05-25,1297335.87,1178257.3187
2012-05-25,449355.91,428255.1628999998
2012-05-25,261851.74,318450.2079000001
2012-05-25,1067310.74,1005859.6242000012
2012-05-25,422810.12,442659.0928999998
2012-05-25,984881.59,920947.1611000005
2012-05-25,991054.49,1109029.7059
2012-05-25,1552934.64,1231937.2603000007
2012-05-25,991514.21,1044502.3337999992
2012-05-25,1015737.61,970850.6196000006
2012-05-25,1151214.41,1305113.4052
2012-05-25,341994.48,360376.10719999974
2012-05-25,413701.29,411316.84710000013
2012-05-25,693780.42,618314.3207
2012-05-25,822167.17,814393.2958
2012-05-25,1603793.42,1634794.3157999997
2012-06-01,1118313.7,1019988.3101000005
2012-06-01,1910092.37,2023482.9156999984
2012-06-01,532311.93,507417.5442000003
2012-06-01,605078.62,666383.6796000003
2012-06-01,837144.63,824884.5954000008
2012-06-01,938914.28,926182.5205000004
2012-06-01,977062.44,992988.4288000008
2012-06-01,1245480.95,1508092.6020999989
2012-06-01,1900638.6,1887352.5983000023
2012-06-01,1476144.34,1250704.2285000004
2012-06-01,323410.94,313548.41419999994
2012-06-01,981345.2,1074103.8185999992
2012-06-01,1640476.77,1646426.204599999
2012-06-01,359867.8,378527.052
2012-06-01,1467722.19,1407411.4327000005
2012-06-01,1767471.48,2103670.985699997
2012-06-01,1037464.27,1157259.8779999998
2012-06-01,932195.52,836042.7105999995
2012-06-01,1361595.33,1306116.234600001
2012-06-01,2035431.39,2226734.926399999
2012-06-01,1624477.58,1790463.6815999981
2012-06-01,576252.35,579128.4103999994
2012-06-01,695439.83,750901.3568999992
2012-06-01,1681121.38,1697592.6377999997
2012-06-01,1102857.37,1085051.7274
2012-06-01,1157557.79,1211177.4386000005
2012-06-01,261131.09,238741.54169999994
2012-06-01,694765.95,718173.6142999999
2012-06-01,306005.53,318904.3408999998
2012-06-01,2143126.59,2263502.1967999972
2012-06-01,2179360.94,2310637.226099998
2012-06-01,427021.18,431169.15949999995
2012-06-01,1374891.36,1342763.4876000008
2012-06-01,432268.53,440886.27890000003
2012-06-01,598495.02,604889.8223999996
2012-06-01,531811.85,514361.13690000004
2012-06-01,1404516.29,1423274.1715999998
2012-06-01,1450733.29,1246922.567600001
2012-06-01,921161.2,976054.0752000004
2012-06-01,435579.7,472415.0724
2012-06-01,1015853.03,1028872.9264000006
2012-06-01,2049485.49,1881936.4728
2012-06-01,583648.59,622569.9914000002
2012-06-01,521953.78,559932.1992000004
2012-06-01,663971.26,641918.0763999997
2012-06-08,2182437.9,2188845.380999998
2012-06-08,611390.67,579980.3283000003
2012-06-08,1568048.54,1251929.4262
2012-06-08,707895.72,750837.4050999993
2012-06-08,528940.78,510432.6175000003
2012-06-08,1436383.84,1335878.0802999996
2012-06-08,1840491.41,2095587.0983999965
2012-06-08,1406313.13,1420537.528100001
2012-06-08,1414343.53,1302100.7843000009
2012-06-08,554093.15,571074.1252999994
2012-06-08,1443285.79,1436227.5919999992
2012-06-08,340238.38,312004.76859999995
2012-06-08,1106176.83,1104729.8445000001
2012-06-08,437222.94,431098.99190000014
2012-06-08,1086231.47,1071576.2985999996
2012-06-08,873415.01,825185.8834
2012-06-08,446336.8,440869.1697999998
2012-06-08,341704.59,372053.6092
2012-06-08,1061134.37,1074671.619299999
2012-06-08,928820.0,977210.9489000004
2012-06-08,1079386.88,1130679.0647999998
2012-06-08,448110.25,490172.81870000006
2012-06-08,1696619.52,1696072.9081999997
2012-06-08,286082.76,272072.39370000013
2012-06-08,1697230.96,1810097.1663999981
2012-06-08,2245257.18,2276218.5491999984
2012-06-08,1623442.24,1637559.4639999985
2012-06-08,642671.48,640778.1941999999
2012-06-08,642963.75,615409.8572999995
2012-06-08,1764756.31,1711530.9431
2012-06-08,999511.29,1002914.1997000009
2012-06-08,603618.89,529314.3498999999
2012-06-08,730254.19,702946.7418999996
2012-06-08,987990.24,921083.6195000001
2012-06-08,1110479.94,1029435.7637000004
2012-06-08,2010216.49,2028572.168499998
2012-06-08,338273.38,328351.57979999983
2012-06-08,1390122.11,1228506.6987000005
2012-06-08,795133.0,811795.6862000007
2012-06-08,2231962.13,2244055.517199999
2012-06-08,582525.42,605140.8775999999
2012-06-08,1246322.44,1217764.8247000007
2012-06-08,643032.51,670083.5093000007
2012-06-08,2099615.88,1884440.4687000003
2012-06-08,1440687.69,1519167.7937999999
2012-06-15,430222.07,446547.1207999999
2012-06-15,1587499.82,1639836.4384999988
2012-06-15,333146.88,331693.69340000005
2012-06-15,338400.82,311286.9903
2012-06-15,570045.79,531732.4915000001
2012-06-15,1019555.51,1067389.3815999997
2012-06-15,848289.41,812411.3615000001
2012-06-15,1630607.0,1765650.6574999988
2012-06-15,290444.31,272502.86460000015
2012-06-15,327383.64,364376.54659999994
2012-06-15,1061219.19,1065016.0893999983
2012-06-15,1905733.68,1845783.629
2012-06-15,1642247.48,1690804.4613999992
2012-06-15,634815.1,668616.3617000004
2012-06-15,1962924.3,1981203.811799999
2012-06-15,977950.28,1110959.6748000002
2012-06-15,442074.79,419708.60620000004
2012-06-15,1229760.97,1318907.614999999
2012-06-15,916918.7,948146.7479000005
2012-06-15,1440263.15,1191918.4696000004
2012-06-15,1029248.22,995371.6414000009
2012-06-15,438523.24,427437.9543
2012-06-15,982345.51,1008302.2180000013
2012-06-15,1234759.54,1216757.1675000007
2012-06-15,1431003.43,1430729.9934999994
2012-06-15,2165160.29,2099270.3754000003
2012-06-15,727049.04,749930.0126999994
2012-06-15,636737.65,613780.4093
2012-06-15,1543667.68,1239233.7957999997
2012-06-15,2152229.11,2118059.591899998
2012-06-15,552338.76,554154.5672999998
2012-06-15,606309.13,618437.8511
2012-06-15,821498.18,800760.7513000006
2012-06-15,753860.89,712281.9269999997
2012-06-15,508573.16,511609.04850000015
2012-06-15,1057425.83,1014681.2532
2012-06-15,666942.02,610861.4752999996
2012-06-15,1811562.88,2028497.408699997
2012-06-15,2234190.93,2178121.8490999984
2012-06-15,1773500.56,1677445.7224000013
2012-06-15,1384584.59,1296793.4274000002
2012-06-15,964169.67,911239.6952000003
2012-06-15,564606.1,594397.4950999998
2012-06-15,1417875.42,1281478.8051000007
2012-06-15,1364445.98,1385543.1662
2012-06-22,1355680.3,1203980.5751000002
2012-06-22,1112449.3,1073260.4664999985
2012-06-22,1522042.57,1237167.1526
2012-06-22,981386.25,1046803.0200999996
2012-06-22,981210.57,919055.1164000008
2012-06-22,1618272.25,1632101.6330999997
2012-06-22,687085.6,611128.8075000001
2012-06-22,1000285.1,985989.6044000009
2012-06-22,899449.65,902854.2748000005
2012-06-22,1468350.36,1197022.5272999993
2012-06-22,428554.63,427582.7239999998
2012-06-22,822569.16,793452.8884000005
2012-06-22,1056282.91,1020283.6687000006
2012-06-22,336241.0,307993.3137999999
2012-06-22,261666.29,243435.55810000005
2012-06-22,687344.68,601420.4140999996
2012-06-22,1080357.89,1022372.9352999999
2012-06-22,2060588.69,2025641.5360000012
2012-06-22,1196880.11,1217222.0953000004
2012-06-22,1180671.55,1288657.3118999996
2012-06-22,1394065.76,1406717.1301999993
2012-06-22,735870.0,742396.8622999995
2012-06-22,540031.29,545360.7897999998
2012-06-22,1434709.63,1376119.7487000003
2012-06-22,2094373.0,2096397.1468999991
2012-06-22,581854.5,557502.6158999999
2012-06-22,1755334.18,2023979.8401999967
2012-06-22,1386407.17,1285190.4969000001
2012-06-22,1837884.79,1825305.8169000011
2012-06-22,721601.9,709634.7359999999
2012-06-22,2197299.65,2164938.963899998
2012-06-22,1532316.79,1634098.9580999992
2012-06-22,613270.79,644713.5789999999
2012-06-22,419497.95,413176.33180000016
2012-06-22,405938.35,436424.3413999996
2012-06-22,1033552.18,1104244.2020999996
2012-06-22,1887733.21,1795318.4224999994
2012-06-22,484032.75,517383.12160000013
2012-06-22,911696.0,833303.3354999999
2012-06-22,325041.68,360869.1862999998
2012-06-22,1527845.81,1585407.4705999992
2012-06-22,1660228.88,1754833.1047999994
2012-06-22,581745.72,518223.3050999996
2012-06-22,562173.12,594480.9981999998
2012-06-22,306411.01,325486.1479000001
2012-06-29,1097006.3,1007678.0386999998
2012-06-29,1881046.12,1792609.7344999998
2012-06-29,1842555.32,1847503.9456000016
2012-06-29,593128.13,608367.4597
2012-06-29,1379652.65,1190503.8649999995
2012-06-29,1051190.44,1029204.297400001
2012-06-29,1428869.9,1372724.0659999999
2012-06-29,718890.81,712743.4311
2012-06-29,2055952.61,2014468.0687000004
2012-06-29,716341.39,751395.7579999996
2012-06-29,1355600.01,1297677.1559000001
2012-06-29,2128362.92,2133048.963799999
2012-06-29,1451782.16,1230088.0818999996
2012-06-29,338386.08,309031.9859999996
2012-06-29,1540421.49,1589970.2569999993
2012-06-29,1053881.78,1064797.2001999987
2012-06-29,329658.1,360810.1722999998
2012-06-29,988764.84,1107326.0623
2012-06-29,422965.33,409649.86470000015
2012-06-29,507403.77,520927.12230000005
2012-06-29,773367.71,792704.0837000005
2012-06-29,1129031.98,1281163.2157000008
2012-06-29,982322.24,918787.4951000005
2012-06-29,1349202.25,1298842.7575
2012-06-29,1591835.02,1697553.0421999998
2012-06-29,423192.4,426389.2555999998
2012-06-29,508309.81,519561.2263000003
2012-06-29,942970.63,930647.4695000001
2012-06-29,1648863.46,1584061.2303
2012-06-29,404634.36,429388.4606999997
2012-06-29,555954.13,542110.2883999997
2012-06-29,1492388.98,1631293.8683999989
2012-06-29,544770.7,585098.1767999998
2012-06-29,1178211.81,1201012.1846000007
2012-06-29,291530.43,312077.7784
2012-06-29,1297028.6,1174491.3624999998
2012-06-29,244338.31,237455.20830000032
2012-06-29,943124.74,1053495.1096999994
2012-06-29,1707481.9,2038120.3289999971
2012-06-29,878298.22,880407.8807000003
2012-06-29,624099.48,611949.9881000002
2012-06-29,2037663.71,2076620.0450999988
2012-06-29,892133.41,865019.7802999999
2012-06-29,570162.28,515136.95139999955
2012-06-29,704335.41,595897.8660999998
2012-07-06,1545370.16,1225798.3277
2012-07-06,1182901.56,1165245.3383999998
2012-07-06,2184980.35,2178723.539499999
2012-07-06,471086.22,491079.33189999976
2012-07-06,1645097.75,1431194.5629
2012-07-06,1180470.8,1115515.2094000012
2012-07-06,1007867.68,281376.7557
2012-07-06,341214.43,375881.04079999996
2012-07-06,411206.5,438464.29079999996
2012-07-06,693013.59,749130.6712999995
2012-07-06,519498.32,513984.3073000002
2012-07-06,1458059.42,1437476.2866
2012-07-06,440553.42,427612.18379999994
2012-07-06,578832.41,576246.6867999992
2012-07-06,1557120.44,1232571.3325
2012-07-06,1659221.99,1637753.4612999987
2012-07-06,645618.59,672991.8775000003
2012-07-06,1805999.79,2127101.067499999
2012-07-06,1769854.16,1799037.3124999981
2012-07-06,985479.64,876983.7313999996
2012-07-06,1461129.94,662569.7977
2012-07-06,843361.1,811710.0538000001
2012-07-06,678024.75,615378.617
2012-07-06,273690.37,269591.33009999996
2012-07-06,753385.55,708843.6084999997
2012-07-06,2062224.92,1860696.1419000018
2012-07-06,1014898.78,1592086.820299999
2012-07-06,1097786.14,1056088.1144999985
2012-07-06,1862128.95,1782356.1068999993
2012-07-06,578790.36,604134.9753000003
2012-07-06,358461.58,309393.10699999996
2012-07-06,618702.09,638650.9369999997
2012-07-06,306578.89,330809.10409999994
2012-07-06,2358055.3,2276352.762899997
2012-07-06,1046782.52,940046.331100001
2012-07-06,1876359.39,1636816.6274999985
2012-07-06,641763.53,527151.6525999998
2012-07-06,805642.61,609416.9295999995
2012-07-06,1456300.89,1361745.6454999992
2012-07-06,1158247.31,1020622.3128999999
2012-07-06,936205.5,983371.5914000007
2012-07-06,2041507.4,1992661.6079999988
2012-07-06,2224499.28,2260150.053699998
2012-07-06,1500863.54,1568409.4365999985
2012-07-06,1214183.97,1220368.2080000008
2012-07-13,971361.38,1051075.3826999986
2012-07-13,569005.06,529737.2147
2012-07-13,1765571.91,2070649.2476999983
2012-07-13,1471261.76,1634515.9473999985
2012-07-13,1755889.53,1823066.106000001
2012-07-13,1405475.78,1383038.5967
2012-07-13,514709.76,537129.8356999996
2012-07-13,417640.34,424114.2155999999
2012-07-13,2002750.99,2120219.092599998
2012-07-13,1332594.07,1314089.2386999996
2012-07-13,287033.64,275365.39750000014
2012-07-13,1544422.35,1761375.7680999998
2012-07-13,668132.36,744843.3512999995
2012-07-13,1320239.51,641555.9436999995
2012-07-13,536537.64,582406.8858999996
2012-07-13,2134680.12,2103433.482099999
2012-07-13,1384921.63,1218994.9985000005
2012-07-13,2100252.61,2168042.004999998
2012-07-13,1024784.92,993168.8865
2012-07-13,416036.75,469192.4085
2012-07-13,960312.75,1542782.5777999994
2012-07-13,714093.95,701456.4576999997
2012-07-13,694150.89,614268.5240999993
2012-07-13,1374301.34,1423667.4642000003
2012-07-13,1830075.13,1940587.1359
2012-07-13,954677.75,287284.43730000005
2012-07-13,960746.04,910540.7684000008
2012-07-13,591335.5,602858.0971999998
2012-07-13,1063149.78,1041786.7116000009
2012-07-13,979848.71,1105061.1443
2012-07-13,416913.1,420596.261
2012-07-13,298337.41,332924.15930000006
2012-07-13,506005.47,511750.0376000002
2012-07-13,890488.01,936671.4431000007
2012-07-13,1179915.04,1321102.5262999989
2012-07-13,336479.49,316262.9427999997
2012-07-13,1588142.26,1619278.0003999986
2012-07-13,749817.08,781555.0798000005
2012-07-13,316203.64,362922.1806999999
2012-07-13,628099.08,633828.2624000001
2012-07-13,825763.48,834720.1842999997
2012-07-13,627634.04,670106.1319999998
2012-07-13,1141184.66,1213843.0687000006
2012-07-13,1321741.35,1207777.7514
2012-07-13,1527014.04,1758782.8842999989
2012-07-20,2175563.69,2164260.145899998
2012-07-20,530318.39,551143.0698999998
2012-07-20,1394299.0,1369661.3926000006
2012-07-20,944698.7,894805.3741000006
2012-07-20,1167829.33,1216157.1475000004
2012-07-20,1970170.29,2002656.330800001
2012-07-20,513991.57,593284.7288999998
2012-07-20,888834.07,898823.7593000003
2012-07-20,565297.54,519597.87539999967
2012-07-20,303289.55,328487.4537000001
2012-07-20,1553250.16,1758056.9170999993
2012-07-20,1347175.93,1320844.7073000001
2012-07-20,841224.74,825603.688
2012-07-20,737613.65,768783.5347000002
2012-07-20,685676.58,696954.0760999998
2012-07-20,1149427.48,1295127.0516999995
2012-07-20,941550.34,1529355.6833999995
2012-07-20,337819.16,307593.36189999996
2012-07-20,1730913.66,1813680.8491000014
2012-07-20,432424.85,412932.7982000001
2012-07-20,1344483.81,650444.3984999997
2012-07-20,1033543.56,984673.2469000004
2012-07-20,1574361.97,1628600.002499999
2012-07-20,253205.89,244196.0781000001
2012-07-20,2053089.32,2130361.116699999
2012-07-20,321205.12,363213.4496999998
2012-07-20,1497954.76,1623366.3763999993
2012-07-20,1582168.27,1637404.495699999
2012-07-20,1869967.03,2065211.7727999983
2012-07-20,596554.05,661308.0967999998
2012-07-20,1317672.92,1190943.0298999988
2012-07-20,506705.36,530912.2415999995
2012-07-20,427491.04,423867.4086999998
2012-07-20,991969.37,1072320.1413999985
2012-07-20,503744.56,514671.3048000002
2012-07-20,691200.33,748453.8657999996
2012-07-20,1392395.2,1427273.9505999994
2012-07-20,686345.69,607245.7843999994
2012-07-20,1819666.46,1815154.4305000007
2012-07-20,1049625.9,1029224.0439000003
2012-07-20,968502.38,1099282.9433999995
2012-07-20,950929.59,259554.38050000012
2012-07-20,441683.74,450060.8123999999
2012-07-20,1381339.23,1231313.3579999998
2012-07-20,592369.22,598274.6252999997
2012-07-27,516352.21,529644.5163000001
2012-07-27,249134.32,239778.80090000023
2012-07-27,2048613.65,2144788.3236999987
2012-07-27,1479514.66,1785075.8608
2012-07-27,808030.15,822665.0435999999
2012-07-27,407186.47,438178.5728999998
2012-07-27,1817603.66,2031538.0917999977
2012-07-27,514489.17,517058.8162000003
2012-07-27,1031745.14,1024738.1255000005
2012-07-27,424581.17,420977.7041
2012-07-27,916967.92,1519637.242299999
2012-07-27,319855.26,312112.78219999967
2012-07-27,838227.52,895428.0225000002
2012-07-27,1303732.36,1334726.0437999994
2012-07-27,389427.9,409360.0970000001
2012-07-27,1344723.97,1286974.4945999994
2012-07-27,1307339.14,1371542.7120000005
2012-07-27,1911559.1,1991115.6703
2012-07-27,571190.83,592295.5011999999
2012-07-27,1248915.43,1221921.0707
2012-07-27,1439123.71,1584494.2700999994
2012-07-27,907493.24,892690.9449000006
2012-07-27,686365.4,598804.4635999997
2012-07-27,954396.85,1103982.9341999996
2012-07-27,306827.36,360957.20419999986
2012-07-27,1272395.02,648648.0387999997
2012-07-27,925731.21,1083190.759599999
2012-07-27,659109.53,697693.8056999998
2012-07-27,917883.79,254180.15950000018
2012-07-27,1757923.88,1777910.6607999997
2012-07-27,1914430.53,2093038.3453
2012-07-27,1513229.16,1632907.2217999997
2012-07-27,495951.0,595793.8364999999
2012-07-27,1487797.54,1631614.435099999
2012-07-27,572447.52,609001.4321999996
2012-07-27,1625883.71,1831414.852600001
2012-07-27,475158.24,550131.0876999997
2012-07-27,1135035.09,1279158.9146000005
2012-07-27,539337.87,515885.4208999997
2012-07-27,711671.58,772378.2713000001
2012-07-27,1322932.36,1246079.0432000004
2012-07-27,279643.43,311433.12030000007
2012-07-27,1144901.52,1203589.3541000008
2012-07-27,924506.26,992558.8585000001
2012-07-27,677789.14,750141.0809999997
2012-08-03,1939440.09,2116270.5456999987
2012-08-03,1399341.07,679323.6863999999
2012-08-03,1631135.79,1795041.8378999985
2012-08-03,1416926.31,1242952.5461000004
2012-08-03,504754.74,566855.8218999993
2012-08-03,425136.55,414927.58910000004
2012-08-03,1608277.74,1649044.572599999
2012-08-03,324195.17,377221.62730000005
2012-08-03,680954.81,607840.3867999995
2012-08-03,1068346.76,1169436.8696000006
2012-08-03,1342123.78,1240260.1368000004
2012-08-03,573084.71,561319.4086000003
2012-08-03,1183571.35,1216506.9542000005
2012-08-03,866216.36,828770.2092999999
2012-08-03,725729.51,789183.2567000001
2012-08-03,1376520.1,1544013.4587999987
2012-08-03,342385.38,317359.8688999997
2012-08-03,419990.29,438554.8848000001
2012-08-03,897076.73,981273.4173000007
2012-08-03,614378.94,669740.8322
2012-08-03,877813.33,902269.5733000003
2012-08-03,973250.41,258007.17260000014
2012-08-03,590739.62,618848.1607000001
2012-08-03,1946104.64,1968874.5717999989
2012-08-03,693785.85,753359.7411999996
2012-08-03,1090915.09,1089080.5195000009
2012-08-03,521959.28,515031.8856999999
2012-08-03,2044148.23,2180316.962999999
2012-08-03,1390174.63,1437135.8980999992
2012-08-03,1627274.93,1692047.8939999994
2012-08-03,469311.17,486086.8529999998
2012-08-03,304989.97,319764.63329999975
2012-08-03,1439607.35,1363485.2507999993
2012-08-03,584000.71,515936.89870000025
2012-08-03,1656886.46,1874501.1575
2012-08-03,2094515.71,2291479.1734999972
2012-08-03,258533.12,246506.36510000008
2012-08-03,1705810.84,1861748.3739000023
2012-08-03,958667.23,1604490.368199999
2012-08-03,709724.6,700631.6495999998
2012-08-03,2174514.13,2263208.120199998
2012-08-03,533887.54,620945.7424000001
2012-08-03,1052066.58,1004591.2592999999
2012-08-03,1007257.83,1071144.5786999993
2012-08-03,1440374.13,1390701.8697000004
2012-08-10,1004523.59,286178.97800000006
2012-08-10,554036.84,522528.8419
2012-08-10,1497054.81,1412059.1942000003
2012-08-10,590453.63,599261.7294999999
2012-08-10,333594.81,316696.5723999997
2012-08-10,643558.78,674767.5294999998
2012-08-10,2144245.39,2222959.641999999
2012-08-10,1121476.51,1109528.4214000008
2012-08-10,1408907.89,1224083.3024000002
2012-08-10,973812.79,1075804.3635999989
2012-08-10,1386472.59,1436439.082599999
2012-08-10,849074.04,887434.1514000009
2012-08-10,1592409.97,1811836.5884999982
2012-08-10,930745.69,958861.3655000005
2012-08-10,1504545.94,1351900.063699999
2012-08-10,2041019.92,2163978.2579999994
2012-08-10,984689.9,1576111.3777999987
2012-08-10,1007906.43,1140156.5238
2012-08-10,1588380.73,1692041.087699999
2012-08-10,1866719.96,1964886.9170999995
2012-08-10,500964.59,511756.2491
2012-08-10,1720537.26,1821848.1674000015
2012-08-10,700272.01,762031.9468999999
2012-08-10,538713.47,602134.0257
2012-08-10,436690.13,503481.62169999984
2012-08-10,576620.31,636448.3339999998
2012-08-10,675926.3,606711.4503999993
2012-08-10,1227469.2,1214329.8082000003
2012-08-10,1436311.76,1237755.2009000005
2012-08-10,967304.07,1006694.8785
2012-08-10,518628.42,549854.1563999994
2012-08-10,2193367.69,2226893.3245999976
2012-08-10,430878.28,415367.58629999997
2012-08-10,1388973.65,663559.4012999997
2012-08-10,391811.6,432337.2269999999
2012-08-10,1641867.92,1639803.1904999986
2012-08-10,1880436.94,2112934.3260999983
2012-08-10,1648570.03,1886361.6212000004
2012-08-10,1269113.41,1479852.3393999997
2012-08-10,298947.51,333007.8252999999
2012-08-10,710496.97,695093.8156999995
2012-08-10,306759.7,371173.8797
2012-08-10,733037.32,778996.4066
2012-08-10,297753.49,275974.88010000024
2012-08-10,888368.8,834284.8600999999
2012-08-17,575997.78,583876.7004
2012-08-17,1184198.41,1287581.6111999992
2012-08-17,327389.51,308791.2490999999
2012-08-17,1735339.59,1780550.5884000002
2012-08-17,728467.72,707988.7207999995
2012-08-17,1397970.54,1384371.4568
2012-08-17,1543049.52,1681366.3333999994
2012-08-17,1005003.12,1513648.4942999992
2012-08-17,722496.93,765589.4032000002
2012-08-17,521896.6,518746.9812
2012-08-17,394918.83,415661.88019999996
2012-08-17,844928.17,881924.246700001
2012-08-17,896613.19,941569.2448000003
2012-08-17,642450.4,610426.2538999994
2012-08-17,1827797.4,2042034.620799997
2012-08-17,887979.47,823033.5932999998
2012-08-17,1560590.05,1318864.6330999995
2012-08-17,1660433.3,1834117.2811000005
2012-08-17,1720221.91,1644567.4017999992
2012-08-17,2283540.3,2167226.285199998
2012-08-17,314607.22,330877.42960000003
2012-08-17,270097.76,255033.99920000005
2012-08-17,416881.66,527203.8222999997
2012-08-17,314014.18,363938.1850999999
2012-08-17,1261306.37,1219677.6552000006
2012-08-17,1013820.86,268823.7841000001
2012-08-17,535153.47,592758.3542999999
2012-08-17,579738.2,595014.1641999994
2012-08-17,1421307.2,654453.8673999998
2012-08-17,981273.26,1071948.6212999984
2012-08-17,1375101.26,1225240.8716999993
2012-08-17,1510131.45,1238103.0665999998
2012-08-17,1410181.7,1453355.7449999994
2012-08-17,2045061.22,2088797.330100001
2012-08-17,1597868.05,1771576.7395999986
2012-08-17,640210.85,675544.2600000001
2012-08-17,2095769.18,2136951.739199999
2012-08-17,411866.46,455704.8428999998
2012-08-17,751963.81,802664.6053
2012-08-17,1928016.01,1922808.6023999993
2012-08-17,969387.48,1104030.9591999997
2012-08-17,509633.71,513561.1371
2012-08-17,1068292.56,1028343.3786000008
2012-08-17,1048134.24,980089.3583999998
2012-08-17,423351.15,411351.09660000005
2012-08-24,572887.78,592039.6455999999
2012-08-24,802003.61,766088.6808999996
2012-08-24,1764984.15,2010969.5917999975
2012-08-24,895274.72,820743.9903999998
2012-08-24,1621841.33,1819669.2929999998
2012-08-24,282545.55,320138.27110000007
2012-08-24,756527.64,701663.6592999995
2012-08-24,1379783.21,1383810.5443999984
2012-08-24,598234.64,634389.8113
2012-08-24,2005341.43,1987728.4704999998
2012-08-24,2059458.25,2100619.0643999986
2012-08-24,1303726.54,1361423.6779
2012-08-24,412449.67,409551.73490000016
2012-08-24,1876788.15,1781349.7952999996
2012-08-24,1272809.11,1209133.1059000005
2012-08-24,1060906.75,1084461.8775999993
2012-08-24,926250.21,259446.27530000024
2012-08-24,945318.47,1100731.8299999994
2012-08-24,337985.74,306443.13629999995
2012-08-24,1494122.38,1589181.8453999993
2012-08-24,606210.77,593020.9668999997
2012-08-24,1145840.91,994084.2311999998
2012-08-24,425296.65,405667.04449999996
2012-08-24,397428.22,441440.7240999999
2012-08-24,1409515.73,644292.2337999998
2012-08-24,2125241.68,2139721.8578999992
2012-08-24,551152.15,516537.5786999997
2012-08-24,320831.36,360344.8929999998
2012-08-24,247672.56,243080.04979999998
2012-08-24,1724669.75,1638782.614699999
2012-08-24,615026.15,541402.5984999996
2012-08-24,1702220.96,1256072.3773000007
2012-08-24,1464462.85,1295347.5689999992
2012-08-24,1022704.2,1028862.5728000008
2012-08-24,936373.65,903876.1287000004
2012-08-24,1544653.37,1229696.5235000004
2012-08-24,1048101.39,1501453.709799999
2012-08-24,1199309.59,1265960.3971999993
2012-08-24,609099.37,603806.7262999996
2012-08-24,718232.26,770834.2266000002
2012-08-24,535537.03,551551.2588000001
2012-08-24,1780443.36,1807905.258100001
2012-08-24,522665.04,515241.3599000001
2012-08-24,1501095.49,1622141.0168999997
2012-08-24,924299.78,878753.2047000006
2012-08-31,424904.95,437070.73239999986
2012-08-31,1650285.54,2020237.4440999976
2012-08-31,504760.57,517886.2785999999
2012-08-31,1227118.75,1256815.6342000007
2012-08-31,344642.01,360116.6849999998
2012-08-31,1613342.19,1895234.5975
2012-08-31,2081181.35,2120378.1525999997
2012-08-31,1360517.52,1293026.2241999994
2012-08-31,576879.15,587509.0918999999
2012-08-31,931278.97,808855.9156999998
2012-08-31,237129.81,234249.51790000033
2012-08-31,282647.48,311509.94279999996
2012-08-31,734297.87,777781.2133000002
2012-08-31,1344558.92,1359221.6540000003
2012-08-31,545844.91,536244.8997999997
2012-08-31,1061943.49,1490234.737499999
2012-08-31,763867.59,757755.7406999995
2012-08-31,2062481.56,2006912.6438999993
2012-08-31,1577468.78,1224250.1898999996
2012-08-31,1710923.94,1638565.8543999987
2012-08-31,1022270.86,1083549.868999999
2012-08-31,1372872.35,639506.3886999998
2012-08-31,1577439.81,1619940.2739999997
2012-08-31,1053495.51,1024110.5683000006
2012-08-31,538344.1,514720.72600000014
2012-08-31,339490.69,301182.9197999998
2012-08-31,987264.67,1100415.1304999993
2012-08-31,1947083.3,1777019.3371000004
2012-08-31,714828.73,698386.6251999998
2012-08-31,1183979.27,1189118.8091000007
2012-08-31,1582083.4,1599398.7368999987
2012-08-31,408838.73,408667.4889000002
2012-08-31,976137.73,889685.5870000002
2012-08-31,439132.5,400666.88229999994
2012-08-31,2073855.42,2071440.1194999993
2012-08-31,1542719.87,1205102.0904999995
2012-08-31,551837.31,514192.8133999996
2012-08-31,1373651.49,1318315.6773999995
2012-08-31,933487.71,248766.63400000028
2012-08-31,1117097.23,982288.1891999994
2012-08-31,865924.2,904242.4554000007
2012-08-31,610185.32,588199.7318000002
2012-08-31,586467.16,598418.3105999997
2012-08-31,593141.29,602610.6856999999
2012-08-31,1731935.43,1798450.426100001
2012-09-07,1427162.26,1248114.0098000006
2012-09-07,996628.8,1107267.4038999993
2012-09-07,1083521.24,994870.1119999997
2012-09-07,565812.29,618647.0452000003
2012-09-07,617405.35,643475.5867
2012-09-07,540811.85,559315.5783999994
2012-09-07,293728.57,330160.2940999999
2012-09-07,1609811.75,1639020.0566999987
2012-09-07,350648.91,372990.1251
2012-09-07,663814.18,678294.6434999999
2012-09-07,976415.56,284521.8356
2012-09-07,2165796.31,2216086.9144999986
2012-09-07,1126685.95,1217363.0278000003
2012-09-07,1898777.07,1958636.2287999995
2012-09-07,1088248.4,1139504.0641
2012-09-07,1608077.01,1701206.4905999994
2012-09-07,1255633.29,1086960.9064000016
2012-09-07,1469693.99,1529692.8490000002
2012-09-07,766512.66,791471.2003000003
2012-09-07,537138.58,517616.91129999986
2012-09-07,1304584.4,677993.8469000001
2012-09-07,1358111.62,1454328.7764999995
2012-09-07,1840955.23,1868105.9858000013
2012-09-07,433565.77,397836.95300000027
2012-09-07,490274.82,502655.7676999998
2012-09-07,1904512.34,1995442.5430999994
2012-09-07,2125104.72,2286376.1586999977
2012-09-07,1497073.82,1255113.5108000003
2012-09-07,286428.78,271757.6235
2012-09-07,1661767.33,1818376.5454999984
2012-09-07,955146.04,1560700.9894999992
2012-09-07,338737.33,309710.7329
2012-09-07,1081874.03,1097468.3375000008
2012-09-07,1392143.82,1318214.8870999992
2012-09-07,1477134.75,1421060.2270999998
2012-09-07,932160.37,980785.7295000008
2012-09-07,2080529.06,2279482.1537999976
2012-09-07,587259.82,605045.8308999997
2012-09-07,526838.14,514435.5629000002
2012-09-07,408229.73,441228.2067000001
2012-09-07,642827.29,717284.8617999996
2012-09-07,597876.55,606351.2919999996
2012-09-07,1708283.28,2123154.9301999975
2012-09-07,984833.35,891310.0673000002
2012-09-07,671482.9,683973.6705999994
2012-09-14,955211.7,287816.3972999999
2012-09-14,1327705.44,1432498.821699999
2012-09-14,702238.27,768834.5517000003
2012-09-14,1071040.22,957855.2755000005
2012-09-14,901709.82,1099965.8161999998
2012-09-14,821568.64,790574.4992
2012-09-14,1124660.77,1293948.9451999997
2012-09-14,1370653.41,1186048.1724999996
2012-09-14,514651.74,512359.7974000003
2012-09-14,1919917.03,2095696.7628999979
2012-09-14,883569.38,936718.3074000007
2012-09-14,1517428.87,1779535.4888999986
2012-09-14,1814806.63,1909577.8395999987
2012-09-14,347726.67,308750.48630000005
2012-09-14,407589.16,417490.7596000001
2012-09-14,625196.94,670969.5456000001
2012-09-14,986131.94,985719.7316000008
2012-09-14,1375166.86,1694643.4689999998
2012-09-14,1640168.99,2034178.555299997
2012-09-14,1156377.47,1203156.5282000003
2012-09-14,541120.2,588427.9670999997
2012-09-14,2047949.98,2091523.411600001
2012-09-14,628494.63,704847.1988999998
2012-09-14,1279041.64,1235004.7927999995
2012-09-14,1242909.53,1358117.7630000005
2012-09-14,523427.35,587631.2470999999
2012-09-14,430944.39,466135.40580000007
2012-09-14,526525.16,519756.45770000026
2012-09-14,527509.76,593758.6086999999
2012-09-14,475127.18,518578.2689
2012-09-14,1306644.25,1282132.6905000007
2012-09-14,657241.63,662068.6410000001
2012-09-14,918049.28,1108100.4114999985
2012-09-14,885892.37,1500107.7656
2012-09-14,586737.66,634245.8972
2012-09-14,277417.53,272097.22040000005
2012-09-14,2117854.6,2155757.7775999983
2012-09-14,1447614.08,1644932.3718999987
2012-09-14,1554794.22,1914367.6333999995
2012-09-14,299800.67,362457.7791999999
2012-09-14,437773.31,405424.1560000002
2012-09-14,1267675.05,648529.5680999999
2012-09-14,1519604.5,1675385.2415000012
2012-09-14,301893.63,330812.37409999996
2012-09-14,960476.1,965407.3419000002
2012-09-21,921612.53,1097580.4205999984
2012-09-21,772302.94,788495.2545000002
2012-09-21,1338627.55,1207400.2573
2012-09-21,723086.2,762890.3647000004
2012-09-21,1671857.57,2009750.8122999978
2012-09-21,943047.78,345209.0654000001
2012-09-21,1261158.47,1364522.8107000005
2012-09-21,336017.6,330611.3741000001
2012-09-21,1506126.06,1599105.831599999
2012-09-21,922735.37,1499766.4253999996
2012-09-21,252709.58,316285.10919999983
2012-09-21,1159119.6,1201908.3041
2012-09-21,1938379.66,2099491.6747999988
2012-09-21,667151.46,696951.6581999996
2012-09-21,1326132.98,640689.2096999999
2012-09-21,938303.28,945980.3810000003
2012-09-21,1557485.75,1682437.686500001
2012-09-21,530842.25,577716.4595999996
2012-09-21,961084.08,961309.5427000002
2012-09-21,857796.45,899431.7337000001
2012-09-21,2028587.24,2000975.665300001
2012-09-21,899768.4,1088724.9613000003
2012-09-21,533756.88,584639.4349999999
2012-09-21,664745.2,658418.1153000001
2012-09-21,293804.45,326275.04380000004
2012-09-21,521320.98,515740.3032000002
2012-09-21,971386.65,957927.4723000005
2012-09-21,509942.56,507362.5371999998
2012-09-21,414392.09,403670.4176
2012-09-21,1373064.87,1427432.5106999988
2012-09-21,489079.23,518942.7745999999
2012-09-21,1555672.51,1644754.4210999992
2012-09-21,307306.76,360396.76649999974
2012-09-21,527165.7,569417.5297000002
2012-09-21,601990.02,655734.9006999998
2012-09-21,1565352.46,1842933.016399999
2012-09-21,443891.64,414150.1281999999
2012-09-21,533161.64,574080.4670000003
2012-09-21,1338572.29,1168862.2440999998
2012-09-21,1276609.36,1272375.6239000002
2012-09-21,2119438.53,2146387.734799999
2012-09-21,1829415.67,1778416.4716999999
2012-09-21,1135340.19,1296715.2560999999
2012-09-21,1425603.65,1629111.8411999997
2012-09-21,409600.98,459713.81899999984
2012-09-28,2027620.23,2138500.7933999994
2012-09-28,1495607.07,1637550.9666999984
2012-09-28,1694862.41,2024497.029299997
2012-09-28,489674.23,523546.14989999984
2012-09-28,1279080.58,1331447.7743999993
2012-09-28,425410.04,402891.19860000006
2012-09-28,880415.67,1500122.1347999997
2012-09-28,1522512.2,1844164.2037999993
2012-09-28,389813.02,408618.3969000001
2012-09-28,469607.73,500448.62249999953
2012-09-28,355307.94,333266.9374999998
2012-09-28,814099.86,791530.8767999997
2012-09-28,1002856.2,981783.8511000003
2012-09-28,1319035.06,1202653.2062000006
2012-09-28,525545.76,568173.7944999998
2012-09-28,505978.46,550889.4418000003
2012-09-28,1338299.02,1166944.1959000009
2012-09-28,1307928.01,1271876.8688
2012-09-28,527953.14,514824.9371000002
2012-09-28,976479.51,1100404.6333999992
2012-09-28,1540687.63,1684899.22
2012-09-28,1437059.26,1598785.9809999987
2012-09-28,884724.41,894292.7786000003
2012-09-28,964726.37,949425.7149000001
2012-09-28,398468.08,450264.13699999993
2012-09-28,553901.97,571519.1112000002
2012-09-28,1746470.56,1757909.6234000004
2012-09-28,242813.51,333418.6634000002
2012-09-28,928629.31,341938.37050000014
2012-09-28,516361.06,584905.4749999999
2012-09-28,683300.84,662113.4552000001
2012-09-28,647097.65,690376.9943999999
2012-09-28,270677.98,309150.332
2012-09-28,577792.32,609775.2492999998
2012-09-28,1369131.46,1621228.269
2012-09-28,1129508.61,1294569.7484000002
2012-09-28,2008350.58,1986344.8041
2012-09-28,1927664.11,2088157.4977999986
2012-09-28,972716.24,934810.0752000003
2012-09-28,919595.44,1076948.8737
2012-09-28,1259278.36,1370331.2192000004
2012-09-28,310141.68,360289.24659999984
2012-09-28,1227430.73,637415.1450999997
2012-09-28,1157111.15,1192798.3023000003
2012-09-28,713173.95,769258.4253000001
2012-10-05,573498.64,578056.8347000002
2012-10-05,976436.02,987035.9326000008
2012-10-05,1518177.71,1682112.3842999998
2012-10-05,277137.86,319999.78769999987
2012-10-05,1998321.04,1962474.9976999995
2012-10-05,1095504.26,1076319.1744000004
2012-10-05,1202775.24,1211163.3656000004
2012-10-05,446751.45,424793.84490000026
2012-10-05,642614.89,701895.1742
2012-10-05,505830.56,588805.0513999994
2012-10-05,458479.01,507038.07119999954
2012-10-05,265444.9,330597.9573000001
2012-10-05,979825.92,2257098.894399998
2012-10-05,1670785.97,1799511.178499998
2012-10-05,1462941.03,1645871.3185999999
2012-10-05,733455.07,797012.6354000003
2012-10-05,2041918.74,2242363.869199998
2012-10-05,1400160.95,1320308.7880000006
2012-10-05,1408016.1,1167485.6946999999
2012-10-05,952609.17,951508.7154999999
2012-10-05,337390.44,347879.89900000003
2012-10-05,1687592.16,1955477.484899999
2012-10-05,1574408.67,1648552.6978999986
2012-10-05,1758971.38,2130167.669399997
2012-10-05,2246411.89,2322226.124999998
2012-10-05,343048.29,376130.8019000001
2012-10-05,520632.8,563335.2982999996
2012-10-05,1363365.05,1447682.9085999993
2012-10-05,1422794.26,670392.2119000002
2012-10-05,1416720.54,1406235.1054000002
2012-10-05,2209835.43,2320359.768299998
2012-10-05,471281.68,505970.9940000002
2012-10-05,1591816.88,1708002.4633000002
2012-10-05,968896.68,356645.18340000004
2012-10-05,1092204.79,1023313.7369
2012-10-05,1069112.0,1151579.6024999998
2012-10-05,1464616.59,1211457.3192
2012-10-05,443557.65,440174.26250000007
2012-10-05,593162.53,639209.1773000001
2012-10-05,651768.91,708837.2976999995
2012-10-05,606755.3,620942.8360000002
2012-10-05,1009887.36,1098597.501499999
2012-10-05,546122.37,539279.8076000008
2012-10-05,866064.4,772164.4571000003
2012-10-05,699536.73,677016.2003999995
2012-10-12,1074079.0,1057271.9926999998
2012-10-12,734464.36,777153.6346000003
2012-10-12,1494417.07,1640415.1061999989
2012-10-12,325345.41,360384.96029999986
2012-10-12,1459396.84,1668261.9086000002
2012-10-12,513737.0,539859.7181999999
2012-10-12,291781.15,354996.49489999993
2012-10-12,934917.47,2049701.0335999974
2012-10-12,437320.66,510320.8229999998
2012-10-12,919878.34,932843.5933000002
2012-10-12,1205536.71,1490122.9887999997
2012-10-12,1311965.09,645242.3150999998
2012-10-12,1409544.97,1284574.6155000003
2012-10-12,948613.39,381436.6801999997
2012-10-12,1004039.84,1099703.1966999995
2012-10-12,1412925.25,1216785.7894
2012-10-12,982523.26,1094027.5971000001
2012-10-12,503463.93,588775.4670999994
2012-10-12,491817.19,512967.60010000033
2012-10-12,1660081.29,1706387.9848000002
2012-10-12,551799.63,578670.2423000002
2012-10-12,300236.85,330491.8116999999
2012-10-12,337796.13,345808.0318
2012-10-12,410804.39,416996.6296
2012-10-12,1401113.42,1440697.9055999992
2012-10-12,1999079.44,2146427.801599998
2012-10-12,619369.72,700092.4901000002
2012-10-12,1713889.11,2007015.1188999976
2012-10-12,1639585.61,1864918.059599999
2012-10-12,2162951.36,2189180.5451
2012-10-12,1573072.81,1755804.9063999986
2012-10-12,1044639.69,1075479.6214000005
2012-10-12,1352809.5,1162059.8092999998
2012-10-12,558464.8,592727.9125999999
2012-10-12,653043.44,712889.805
2012-10-12,1900745.13,1959262.171899999
2012-10-12,2133026.07,2196499.9109999985
2012-10-12,434593.26,426383.76330000005
2012-10-12,697317.41,696038.5262999998
2012-10-12,1176681.31,1213180.8508000004
2012-10-12,1416301.17,1403821.3130000008
2012-10-12,612379.9,650707.9189
2012-10-12,521810.75,514182.50570000074
2012-10-12,873643.14,786655.3815
2012-10-12,927511.99,948042.6790000007
2012-10-19,829284.67,777678.699
2012-10-19,424513.08,416511.2618000001
2012-10-19,1734834.82,1999854.0774999978
2012-10-19,1436883.99,1646795.5085000005
2012-10-19,287360.05,329083.64339999994
2012-10-19,577198.97,507292.0789999999
2012-10-19,541406.98,582334.3028000002
2012-10-19,1577486.33,1645347.9632999992
2012-10-19,516909.24,536014.7671999995
2012-10-19,718125.53,772641.0251000006
2012-10-19,1590274.72,1849782.8512999993
2012-10-19,1999363.49,2105139.635500001
2012-10-19,542009.46,592117.5104999999
2012-10-19,313358.15,364528.76689999993
2012-10-19,641368.14,726395.7704999999
2012-10-19,918170.5,1082951.0824000004
2012-10-19,685531.85,685964.3858999998
2012-10-19,1232073.18,642617.6094999999
2012-10-19,2097266.85,2174429.0994999977
2012-10-19,1378730.45,1450955.1432999999
2012-10-19,1255414.84,1364785.4114000008
2012-10-19,978027.95,1104807.438499999
2012-10-19,1321102.35,1152001.17
2012-10-19,2018010.15,2129645.3210999975
2012-10-19,957356.84,924685.5227000001
2012-10-19,1508068.77,1750171.694999999
2012-10-19,960945.43,2042144.9706999972
2012-10-19,1199292.06,1207039.7622000002
2012-10-19,1363155.77,1213682.1267999997
2012-10-19,254412.34,329865.0699
2012-10-19,428806.46,475052.4374
2012-10-19,1143724.48,1429151.4398999999
2012-10-19,516424.83,583840.7297999995
2012-10-19,555652.77,584620.0547000003
2012-10-19,323766.77,345280.9895
2012-10-19,900309.75,942293.7829000003
2012-10-19,1847990.41,1920111.3987999994
2012-10-19,437537.29,425141.4175
2012-10-19,1620374.24,1709303.6868999994
2012-10-19,1326197.24,1280662.1609000007
2012-10-19,623919.23,700762.5316
2012-10-19,1048706.75,1057810.2345999999
2012-10-19,551969.1,521119.3963
2012-10-19,963516.28,359234.0145000001
2012-10-19,975578.02,959965.0554000007
2012-10-26,675202.87,721950.0007999998
2012-10-26,1307182.29,1338784.7442000005
2012-10-26,1219979.29,1205377.9467999998
2012-10-26,549731.49,595084.6978999998
2012-10-26,943465.29,928709.5817000008
2012-10-26,1213860.61,1434191.1411000001
2012-10-26,272489.41,315905.7347999999
2012-10-26,1834458.35,1778070.4598999994
2012-10-26,1569502.0,1639078.612499999
2012-10-26,587603.55,659252.9993
2012-10-26,1431426.34,1617522.3049
2012-10-26,2035189.66,2090888.150099999
2012-10-26,2149594.46,2175268.6148999985
2012-10-26,475770.14,502945.3159999999
2012-10-26,1200729.45,637008.0020999998
2012-10-26,1316542.59,1271635.6342
2012-10-26,253731.13,329989.12570000003
2012-10-26,974697.6,2021887.1855999976
2012-10-26,439424.5,422507.3084999999
2012-10-26,558473.6,578066.2727999999
2012-10-26,1322117.96,1178782.551200001
2012-10-26,958619.8,951410.1895000002
2012-10-26,1493659.74,1581485.1961999992
2012-10-26,361067.07,339918.6279999999
2012-10-26,417290.38,462279.5841
2012-10-26,495543.28,577358.2501999998
2012-10-26,891671.44,905733.1934000005
2012-10-26,534738.43,520992.6099999999
2012-10-26,956987.81,361579.90110000013
2012-10-26,1703047.74,1701722.4637999996
2012-10-26,1094422.69,1097895.5558000002
2012-10-26,1347454.59,1213422.2331000005
2012-10-26,514756.08,565978.1162000002
2012-10-26,865137.6,769777.4692000003
2012-10-26,1744349.05,1949422.7676999976
2012-10-26,405432.7,409076.3828000001
2012-10-26,534970.68,548323.7366999999
2012-10-26,1340232.55,1376544.6999999988
2012-10-26,1704357.62,1785711.7736999998
2012-10-26,2031650.55,1992979.9801000003
2012-10-26,688940.94,700133.7226999999
2012-10-26,319550.77,360940.12899999984
2012-10-26,921264.52,1075310.6051000003
2012-10-26,1127516.25,1066551.2554000006
2012-10-26,760281.43,775929.3335000002
